template,asset,phase,phase_start,phase_end,candle_count,return_percent,max_drawdown_percent,trade_count,first_iso,last_iso,insufficient_data
bollinger_reversion,BTC,train,2020-01-01,2023-12-31,23246,-1.126,4.6331,2,2021-05-07T03:00:00+00:00,2023-12-31T23:00:00+00:00,False
bollinger_reversion,BTC,validate,2024-01-01,2024-12-31,8784,4.5737,2.07,0,2024-01-01T00:00:00+00:00,2024-12-31T23:00:00+00:00,False
bollinger_reversion,BTC,forward,2025-01-01,2026-05-06,11770,-1.0852,5.2557,0,2025-01-01T00:00:00+00:00,2026-05-06T09:00:00+00:00,False
bollinger_reversion,ETH,train,2020-01-01,2023-12-31,23246,-1.731,5.1668,2,2021-05-07T03:00:00+00:00,2023-12-31T23:00:00+00:00,False
bollinger_reversion,ETH,validate,2024-01-01,2024-12-31,8784,1.4132,2.5137,0,2024-01-01T00:00:00+00:00,2024-12-31T23:00:00+00:00,False
bollinger_reversion,ETH,forward,2025-01-01,2026-05-06,11770,-1.3058,4.0833,0,2025-01-01T00:00:00+00:00,2026-05-06T09:00:00+00:00,False
bollinger_reversion,XRP,train,2020-01-01,2023-12-31,23246,-2.923,4.415,2,2021-05-07T03:00:00+00:00,2023-12-31T23:00:00+00:00,False
bollinger_reversion,XRP,validate,2024-01-01,2024-12-31,8784,4.8754,2.8384,0,2024-01-01T00:00:00+00:00,2024-12-31T23:00:00+00:00,False
bollinger_reversion,XRP,forward,2025-01-01,2026-05-06,11770,-2.1247,7.5181,0,2025-01-01T00:00:00+00:00,2026-05-06T09:00:00+00:00,False
bollinger_reversion,BNB,train,2020-01-01,2023-12-31,23246,-2.506,3.8489,2,2021-05-07T03:00:00+00:00,2023-12-31T23:00:00+00:00,False
bollinger_reversion,BNB,validate,2024-01-01,2024-12-31,8784,3.1042,2.3789,0,2024-01-01T00:00:00+00:00,2024-12-31T23:00:00+00:00,False
bollinger_reversion,BNB,forward,2025-01-01,2026-05-06,11770,-0.508,5.87,0,2025-01-01T00:00:00+00:00,2026-05-06T09:00:00+00:00,False
bollinger_reversion,PAXG,train,2020-01-01,2023-12-31,23246,0.5,1.2306,2,2021-05-07T03:00:00+00:00,2023-12-31T23:00:00+00:00,False
bollinger_reversion,PAXG,validate,2024-01-01,2024-12-31,8784,1.6178,1.5463,0,2024-01-01T00:00:00+00:00,2024-12-31T23:00:00+00:00,False
bollinger_reversion,PAXG,forward,2025-01-01,2026-05-06,11770,5.4319,3.3716,0,2025-01-01T00:00:00+00:00,2026-05-06T09:00:00+00:00,False
breakout_buy,BTC,train,2020-01-01,2023-12-31,23246,0.0,0.0,0,2021-05-07T03:00:00+00:00,2023-12-31T23:00:00+00:00,False
breakout_buy,BTC,validate,2024-01-01,2024-12-31,8784,-1.15,2.3985,1,2024-01-01T00:00:00+00:00,2024-12-31T23:00:00+00:00,False
breakout_buy,BTC,forward,2025-01-01,2026-05-06,11770,-1.8975,9.0111,0,2025-01-01T00:00:00+00:00,2026-05-06T09:00:00+00:00,False
breakout_buy,ETH,train,2020-01-01,2023-12-31,23246,0.0,0.0,0,2021-05-07T03:00:00+00:00,2023-12-31T23:00:00+00:00,False
breakout_buy,ETH,validate,2024-01-01,2024-12-31,8784,0.0,0.0,0,2024-01-01T00:00:00+00:00,2024-12-31T23:00:00+00:00,False
breakout_buy,ETH,forward,2025-01-01,2026-05-06,11770,0.0,0.0,0,2025-01-01T00:00:00+00:00,2026-05-06T09:00:00+00:00,False
breakout_buy,XRP,train,2020-01-01,2023-12-31,23246,0.0,0.0,0,2021-05-07T03:00:00+00:00,2023-12-31T23:00:00+00:00,False
breakout_buy,XRP,validate,2024-01-01,2024-12-31,8784,0.0,0.0,0,2024-01-01T00:00:00+00:00,2024-12-31T23:00:00+00:00,False
breakout_buy,XRP,forward,2025-01-01,2026-05-06,11770,0.0,0.0,0,2025-01-01T00:00:00+00:00,2026-05-06T09:00:00+00:00,False
breakout_buy,BNB,train,2020-01-01,2023-12-31,23246,0.0,0.0,0,2021-05-07T03:00:00+00:00,2023-12-31T23:00:00+00:00,False
breakout_buy,BNB,validate,2024-01-01,2024-12-31,8784,0.0,0.0,0,2024-01-01T00:00:00+00:00,2024-12-31T23:00:00+00:00,False
breakout_buy,BNB,forward,2025-01-01,2026-05-06,11770,0.0,0.0,0,2025-01-01T00:00:00+00:00,2026-05-06T09:00:00+00:00,False
breakout_buy,PAXG,train,2020-01-01,2023-12-31,23246,0.0,0.0,0,2021-05-07T03:00:00+00:00,2023-12-31T23:00:00+00:00,False
breakout_buy,PAXG,validate,2024-01-01,2024-12-31,8784,0.0,0.0,0,2024-01-01T00:00:00+00:00,2024-12-31T23:00:00+00:00,False
breakout_buy,PAXG,forward,2025-01-01,2026-05-06,11770,0.0,0.0,0,2025-01-01T00:00:00+00:00,2026-05-06T09:00:00+00:00,False
dip_buy,BTC,train,2020-01-01,2023-12-31,23246,-2.4072,9.2876,1,2021-05-07T03:00:00+00:00,2023-12-31T23:00:00+00:00,False
dip_buy,BTC,validate,2024-01-01,2024-12-31,8784,9.3876,4.1319,0,2024-01-01T00:00:00+00:00,2024-12-31T23:00:00+00:00,False
dip_buy,BTC,forward,2025-01-01,2026-05-06,11770,-2.1285,10.0516,0,2025-01-01T00:00:00+00:00,2026-05-06T09:00:00+00:00,False
dip_buy,ETH,train,2020-01-01,2023-12-31,23246,-3.3323,11.0446,1,2021-05-07T03:00:00+00:00,2023-12-31T23:00:00+00:00,False
dip_buy,ETH,validate,2024-01-01,2024-12-31,8784,3.1448,5.4354,0,2024-01-01T00:00:00+00:00,2024-12-31T23:00:00+00:00,False
dip_buy,ETH,forward,2025-01-01,2026-05-06,11770,-2.8573,8.7175,0,2025-01-01T00:00:00+00:00,2026-05-06T09:00:00+00:00,False
dip_buy,XRP,train,2020-01-01,2023-12-31,23246,-6.0226,8.7981,1,2021-05-07T03:00:00+00:00,2023-12-31T23:00:00+00:00,False
dip_buy,XRP,validate,2024-01-01,2024-12-31,8784,10.0636,5.4574,0,2024-01-01T00:00:00+00:00,2024-12-31T23:00:00+00:00,False
dip_buy,XRP,forward,2025-01-01,2026-05-06,11770,-4.1765,14.1379,0,2025-01-01T00:00:00+00:00,2026-05-06T09:00:00+00:00,False
dip_buy,BNB,train,2020-01-01,2023-12-31,23246,-4.9555,7.9309,1,2021-05-07T03:00:00+00:00,2023-12-31T23:00:00+00:00,False
dip_buy,BNB,validate,2024-01-01,2024-12-31,8784,6.5873,4.8779,0,2024-01-01T00:00:00+00:00,2024-12-31T23:00:00+00:00,False
dip_buy,BNB,forward,2025-01-01,2026-05-06,11770,-1.0429,11.4576,0,2025-01-01T00:00:00+00:00,2026-05-06T09:00:00+00:00,False
dip_buy,PAXG,train,2020-01-01,2023-12-31,23246,1.0141,2.4551,1,2021-05-07T03:00:00+00:00,2023-12-31T23:00:00+00:00,False
dip_buy,PAXG,validate,2024-01-01,2024-12-31,8784,3.234,3.0226,0,2024-01-01T00:00:00+00:00,2024-12-31T23:00:00+00:00,False
dip_buy,PAXG,forward,2025-01-01,2026-05-06,11770,10.6806,6.1925,0,2025-01-01T00:00:00+00:00,2026-05-06T09:00:00+00:00,False
full_entry_exit,BTC,train,2020-01-01,2023-12-31,23246,-8.792,13.336,2,2021-05-07T03:00:00+00:00,2023-12-31T23:00:00+00:00,False
full_entry_exit,BTC,validate,2024-01-01,2024-12-31,8784,0.0,0.0,0,2024-01-01T00:00:00+00:00,2024-12-31T23:00:00+00:00,False
full_entry_exit,BTC,forward,2025-01-01,2026-05-06,11770,0.0,0.0,0,2025-01-01T00:00:00+00:00,2026-05-06T09:00:00+00:00,False
full_entry_exit,ETH,train,2020-01-01,2023-12-31,23246,12.466,2.6688,2,2021-05-07T03:00:00+00:00,2023-12-31T23:00:00+00:00,False
full_entry_exit,ETH,validate,2024-01-01,2024-12-31,8784,0.0,0.0,0,2024-01-01T00:00:00+00:00,2024-12-31T23:00:00+00:00,False
full_entry_exit,ETH,forward,2025-01-01,2026-05-06,11770,0.0,0.0,0,2025-01-01T00:00:00+00:00,2026-05-06T09:00:00+00:00,False
full_entry_exit,XRP,train,2020-01-01,2023-12-31,23246,-8.4668,13.1673,2,2021-05-07T03:00:00+00:00,2023-12-31T23:00:00+00:00,False
full_entry_exit,XRP,validate,2024-01-01,2024-12-31,8784,0.0,0.0,0,2024-01-01T00:00:00+00:00,2024-12-31T23:00:00+00:00,False
full_entry_exit,XRP,forward,2025-01-01,2026-05-06,11770,0.0,0.0,0,2025-01-01T00:00:00+00:00,2026-05-06T09:00:00+00:00,False
full_entry_exit,BNB,train,2020-01-01,2023-12-31,23246,-9.3655,16.4388,2,2021-05-07T03:00:00+00:00,2023-12-31T23:00:00+00:00,False
full_entry_exit,BNB,validate,2024-01-01,2024-12-31,8784,0.0,0.0,0,2024-01-01T00:00:00+00:00,2024-12-31T23:00:00+00:00,False
full_entry_exit,BNB,forward,2025-01-01,2026-05-06,11770,0.0,0.0,0,2025-01-01T00:00:00+00:00,2026-05-06T09:00:00+00:00,False
full_entry_exit,PAXG,train,2020-01-01,2023-12-31,23246,-8.0735,16.2857,2,2021-05-07T03:00:00+00:00,2023-12-31T23:00:00+00:00,False
full_entry_exit,PAXG,validate,2024-01-01,2024-12-31,8784,0.0,0.0,0,2024-01-01T00:00:00+00:00,2024-12-31T23:00:00+00:00,False
full_entry_exit,PAXG,forward,2025-01-01,2026-05-06,11770,0.0,0.0,0,2025-01-01T00:00:00+00:00,2026-05-06T09:00:00+00:00,False
kd_momentum,BTC,train,2020-01-01,2023-12-31,23246,-2.748,8.9289,1,2021-05-07T03:00:00+00:00,2023-12-31T23:00:00+00:00,False
kd_momentum,BTC,validate,2024-01-01,2024-12-31,8784,9.0076,3.972,0,2024-01-01T00:00:00+00:00,2024-12-31T23:00:00+00:00,False
kd_momentum,BTC,forward,2025-01-01,2026-05-06,11770,-2.0501,9.698,0,2025-01-01T00:00:00+00:00,2026-05-06T09:00:00+00:00,False
kd_momentum,ETH,train,2020-01-01,2023-12-31,23246,-3.529,10.7756,1,2021-05-07T03:00:00+00:00,2023-12-31T23:00:00+00:00,False
kd_momentum,ETH,validate,2024-01-01,2024-12-31,8784,3.0619,5.2997,0,2024-01-01T00:00:00+00:00,2024-12-31T23:00:00+00:00,False
kd_momentum,ETH,forward,2025-01-01,2026-05-06,11770,-2.7848,8.5053,0,2025-01-01T00:00:00+00:00,2026-05-06T09:00:00+00:00,False
kd_momentum,XRP,train,2020-01-01,2023-12-31,23246,-6.169,8.5249,1,2021-05-07T03:00:00+00:00,2023-12-31T23:00:00+00:00,False
kd_momentum,XRP,validate,2024-01-01,2024-12-31,8784,9.731,5.3001,0,2024-01-01T00:00:00+00:00,2024-12-31T23:00:00+00:00,False
kd_momentum,XRP,forward,2025-01-01,2026-05-06,11770,-4.0511,13.7476,0,2025-01-01T00:00:00+00:00,2026-05-06T09:00:00+00:00,False
kd_momentum,BNB,train,2020-01-01,2023-12-31,23246,-5.087,7.7594,1,2021-05-07T03:00:00+00:00,2023-12-31T23:00:00+00:00,False
kd_momentum,BNB,validate,2024-01-01,2024-12-31,8784,6.4368,4.7729,0,2024-01-01T00:00:00+00:00,2024-12-31T23:00:00+00:00,False
kd_momentum,BNB,forward,2025-01-01,2026-05-06,11770,-1.02,11.2354,0,2025-01-01T00:00:00+00:00,2026-05-06T09:00:00+00:00,False
kd_momentum,PAXG,train,2020-01-01,2023-12-31,23246,0.898,2.4341,1,2021-05-07T03:00:00+00:00,2023-12-31T23:00:00+00:00,False
kd_momentum,PAXG,validate,2024-01-01,2024-12-31,8784,3.2047,2.9984,0,2024-01-01T00:00:00+00:00,2024-12-31T23:00:00+00:00,False
kd_momentum,PAXG,forward,2025-01-01,2026-05-06,11770,10.591,6.1477,0,2025-01-01T00:00:00+00:00,2026-05-06T09:00:00+00:00,False
ma200_trend_entry,BTC,train,2020-01-01,2023-12-31,23246,0.968,18.0393,1,2021-05-07T03:00:00+00:00,2023-12-31T23:00:00+00:00,False
ma200_trend_entry,BTC,validate,2024-01-01,2024-12-31,8784,19.0982,7.9602,0,2024-01-01T00:00:00+00:00,2024-12-31T23:00:00+00:00,False
ma200_trend_entry,BTC,forward,2025-01-01,2026-05-06,11770,-3.9719,17.9747,0,2025-01-01T00:00:00+00:00,2026-05-06T09:00:00+00:00,False
ma200_trend_entry,ETH,train,2020-01-01,2023-12-31,23246,-6.27,14.5669,1,2021-05-07T03:00:00+00:00,2023-12-31T23:00:00+00:00,False
ma200_trend_entry,ETH,validate,2024-01-01,2024-12-31,8784,4.2513,7.2203,0,2024-01-01T00:00:00+00:00,2024-12-31T23:00:00+00:00,False
ma200_trend_entry,ETH,forward,2025-01-01,2026-05-06,11770,-3.8204,11.4881,0,2025-01-01T00:00:00+00:00,2026-05-06T09:00:00+00:00,False
ma200_trend_entry,XRP,train,2020-01-01,2023-12-31,23246,-8.81,13.5873,1,2021-05-07T03:00:00+00:00,2023-12-31T23:00:00+00:00,False
ma200_trend_entry,XRP,validate,2024-01-01,2024-12-31,8784,16.1783,8.1176,0,2024-01-01T00:00:00+00:00,2024-12-31T23:00:00+00:00,False
ma200_trend_entry,XRP,forward,2025-01-01,2026-05-06,11770,-6.3547,20.5735,0,2025-01-01T00:00:00+00:00,2026-05-06T09:00:00+00:00,False
ma200_trend_entry,BNB,train,2020-01-01,2023-12-31,23246,-1.938,17.7847,1,2021-05-07T03:00:00+00:00,2023-12-31T23:00:00+00:00,False
ma200_trend_entry,BNB,validate,2024-01-01,2024-12-31,8784,16.5517,11.1678,0,2024-01-01T00:00:00+00:00,2024-12-31T23:00:00+00:00,False
ma200_trend_entry,BNB,forward,2025-01-01,2026-05-06,11770,-2.3922,23.4126,0,2025-01-01T00:00:00+00:00,2026-05-06T09:00:00+00:00,False
ma200_trend_entry,PAXG,train,2020-01-01,2023-12-31,23246,1.175,3.5985,1,2021-05-07T03:00:00+00:00,2023-12-31T23:00:00+00:00,False
ma200_trend_entry,PAXG,validate,2024-01-01,2024-12-31,8784,4.7451,4.3489,0,2024-01-01T00:00:00+00:00,2024-12-31T23:00:00+00:00,False
ma200_trend_entry,PAXG,forward,2025-01-01,2026-05-06,11770,15.4459,8.4522,0,2025-01-01T00:00:00+00:00,2026-05-06T09:00:00+00:00,False
ma_pullback,BTC,train,2020-01-01,2023-12-31,23246,1.662,15.5379,1,2021-05-07T03:00:00+00:00,2023-12-31T23:00:00+00:00,False
ma_pullback,BTC,validate,2024-01-01,2024-12-31,8784,16.2312,6.872,0,2024-01-01T00:00:00+00:00,2024-12-31T23:00:00+00:00,False
ma_pullback,BTC,forward,2025-01-01,2026-05-06,11770,-3.4599,15.8428,0,2025-01-01T00:00:00+00:00,2026-05-06T09:00:00+00:00,False
ma_pullback,ETH,train,2020-01-01,2023-12-31,23246,-4.701,12.1832,1,2021-05-07T03:00:00+00:00,2023-12-31T23:00:00+00:00,False
ma_pullback,ETH,validate,2024-01-01,2024-12-31,8784,3.4968,6.0092,0,2024-01-01T00:00:00+00:00,2024-12-31T23:00:00+00:00,False
ma_pullback,ETH,forward,2025-01-01,2026-05-06,11770,-3.1653,9.6131,0,2025-01-01T00:00:00+00:00,2026-05-06T09:00:00+00:00,False
ma_pullback,XRP,train,2020-01-01,2023-12-31,23246,-6.535,11.876,1,2021-05-07T03:00:00+00:00,2023-12-31T23:00:00+00:00,False
ma_pullback,XRP,validate,2024-01-01,2024-12-31,8784,13.9359,7.1906,0,2024-01-01T00:00:00+00:00,2024-12-31T23:00:00+00:00,False
ma_pullback,XRP,forward,2025-01-01,2026-05-06,11770,-5.5838,18.3619,0,2025-01-01T00:00:00+00:00,2026-05-06T09:00:00+00:00,False
ma_pullback,BNB,train,2020-01-01,2023-12-31,23246,-6.327,8.7115,1,2021-05-07T03:00:00+00:00,2023-12-31T23:00:00+00:00,False
ma_pullback,BNB,validate,2024-01-01,2024-12-31,8784,7.5288,5.5245,0,2024-01-01T00:00:00+00:00,2024-12-31T23:00:00+00:00,False
ma_pullback,BNB,forward,2025-01-01,2026-05-06,11770,-1.1804,12.8184,0,2025-01-01T00:00:00+00:00,2026-05-06T09:00:00+00:00,False
ma_pullback,PAXG,train,2020-01-01,2023-12-31,23246,0.798,2.8601,1,2021-05-07T03:00:00+00:00,2023-12-31T23:00:00+00:00,False
ma_pullback,PAXG,validate,2024-01-01,2024-12-31,8784,3.7682,3.4976,0,2024-01-01T00:00:00+00:00,2024-12-31T23:00:00+00:00,False
ma_pullback,PAXG,forward,2025-01-01,2026-05-06,11770,12.3827,7.03,0,2025-01-01T00:00:00+00:00,2026-05-06T09:00:00+00:00,False
risk_guard,BTC,train,2020-01-01,2023-12-31,23246,0.0,0.0,0,2021-05-07T03:00:00+00:00,2023-12-31T23:00:00+00:00,False
risk_guard,BTC,validate,2024-01-01,2024-12-31,8784,0.0,0.0,0,2024-01-01T00:00:00+00:00,2024-12-31T23:00:00+00:00,False
risk_guard,BTC,forward,2025-01-01,2026-05-06,11770,0.0,0.0,0,2025-01-01T00:00:00+00:00,2026-05-06T09:00:00+00:00,False
risk_guard,ETH,train,2020-01-01,2023-12-31,23246,0.0,0.0,0,2021-05-07T03:00:00+00:00,2023-12-31T23:00:00+00:00,False
risk_guard,ETH,validate,2024-01-01,2024-12-31,8784,0.0,0.0,0,2024-01-01T00:00:00+00:00,2024-12-31T23:00:00+00:00,False
risk_guard,ETH,forward,2025-01-01,2026-05-06,11770,0.0,0.0,0,2025-01-01T00:00:00+00:00,2026-05-06T09:00:00+00:00,False
risk_guard,XRP,train,2020-01-01,2023-12-31,23246,0.0,0.0,0,2021-05-07T03:00:00+00:00,2023-12-31T23:00:00+00:00,False
risk_guard,XRP,validate,2024-01-01,2024-12-31,8784,0.0,0.0,0,2024-01-01T00:00:00+00:00,2024-12-31T23:00:00+00:00,False
risk_guard,XRP,forward,2025-01-01,2026-05-06,11770,0.0,0.0,0,2025-01-01T00:00:00+00:00,2026-05-06T09:00:00+00:00,False
risk_guard,BNB,train,2020-01-01,2023-12-31,23246,0.0,0.0,0,2021-05-07T03:00:00+00:00,2023-12-31T23:00:00+00:00,False
risk_guard,BNB,validate,2024-01-01,2024-12-31,8784,0.0,0.0,0,2024-01-01T00:00:00+00:00,2024-12-31T23:00:00+00:00,False
risk_guard,BNB,forward,2025-01-01,2026-05-06,11770,0.0,0.0,0,2025-01-01T00:00:00+00:00,2026-05-06T09:00:00+00:00,False
risk_guard,PAXG,train,2020-01-01,2023-12-31,23246,0.0,0.0,0,2021-05-07T03:00:00+00:00,2023-12-31T23:00:00+00:00,False
risk_guard,PAXG,validate,2024-01-01,2024-12-31,8784,0.0,0.0,0,2024-01-01T00:00:00+00:00,2024-12-31T23:00:00+00:00,False
risk_guard,PAXG,forward,2025-01-01,2026-05-06,11770,0.0,0.0,0,2025-01-01T00:00:00+00:00,2026-05-06T09:00:00+00:00,False
rsi_scale,BTC,train,2020-01-01,2023-12-31,23246,-2.44,4.9703,2,2021-05-07T03:00:00+00:00,2023-12-31T23:00:00+00:00,False
rsi_scale,BTC,validate,2024-01-01,2024-12-31,8784,4.8372,2.1862,0,2024-01-01T00:00:00+00:00,2024-12-31T23:00:00+00:00,False
rsi_scale,BTC,forward,2025-01-01,2026-05-06,11770,-1.1448,5.536,0,2025-01-01T00:00:00+00:00,2026-05-06T09:00:00+00:00,False
rsi_scale,ETH,train,2020-01-01,2023-12-31,23246,-3.247,5.6932,2,2021-05-07T03:00:00+00:00,2023-12-31T23:00:00+00:00,False
rsi_scale,ETH,validate,2024-01-01,2024-12-31,8784,1.4746,2.62,0,2024-01-01T00:00:00+00:00,2024-12-31T23:00:00+00:00,False
rsi_scale,ETH,forward,2025-01-01,2026-05-06,11770,-1.3631,4.2555,0,2025-01-01T00:00:00+00:00,2026-05-06T09:00:00+00:00,False
rsi_scale,XRP,train,2020-01-01,2023-12-31,23246,-2.833,4.817,2,2021-05-07T03:00:00+00:00,2023-12-31T23:00:00+00:00,False
rsi_scale,XRP,validate,2024-01-01,2024-12-31,8784,5.1395,2.9817,0,2024-01-01T00:00:00+00:00,2024-12-31T23:00:00+00:00,False
rsi_scale,XRP,forward,2025-01-01,2026-05-06,11770,-2.2337,7.8852,0,2025-01-01T00:00:00+00:00,2026-05-06T09:00:00+00:00,False
rsi_scale,BNB,train,2020-01-01,2023-12-31,23246,-5.013,7.2401,2,2021-05-07T03:00:00+00:00,2023-12-31T23:00:00+00:00,False
rsi_scale,BNB,validate,2024-01-01,2024-12-31,8784,3.2471,2.4849,0,2024-01-01T00:00:00+00:00,2024-12-31T23:00:00+00:00,False
rsi_scale,BNB,forward,2025-01-01,2026-05-06,11770,-0.5308,6.1193,0,2025-01-01T00:00:00+00:00,2026-05-06T09:00:00+00:00,False
rsi_scale,PAXG,train,2020-01-01,2023-12-31,23246,0.715,1.2388,2,2021-05-07T03:00:00+00:00,2023-12-31T23:00:00+00:00,False
rsi_scale,PAXG,validate,2024-01-01,2024-12-31,8784,1.6302,1.5564,0,2024-01-01T00:00:00+00:00,2024-12-31T23:00:00+00:00,False
rsi_scale,PAXG,forward,2025-01-01,2026-05-06,11770,5.4695,3.3923,0,2025-01-01T00:00:00+00:00,2026-05-06T09:00:00+00:00,False
staged_profit_taking,BTC,train,2020-01-01,2023-12-31,23246,0.0,0.0,0,2021-05-07T03:00:00+00:00,2023-12-31T23:00:00+00:00,False
staged_profit_taking,BTC,validate,2024-01-01,2024-12-31,8784,0.0,0.0,0,2024-01-01T00:00:00+00:00,2024-12-31T23:00:00+00:00,False
staged_profit_taking,BTC,forward,2025-01-01,2026-05-06,11770,0.0,0.0,0,2025-01-01T00:00:00+00:00,2026-05-06T09:00:00+00:00,False
staged_profit_taking,ETH,train,2020-01-01,2023-12-31,23246,0.0,0.0,0,2021-05-07T03:00:00+00:00,2023-12-31T23:00:00+00:00,False
staged_profit_taking,ETH,validate,2024-01-01,2024-12-31,8784,0.0,0.0,0,2024-01-01T00:00:00+00:00,2024-12-31T23:00:00+00:00,False
staged_profit_taking,ETH,forward,2025-01-01,2026-05-06,11770,0.0,0.0,0,2025-01-01T00:00:00+00:00,2026-05-06T09:00:00+00:00,False
staged_profit_taking,XRP,train,2020-01-01,2023-12-31,23246,0.0,0.0,0,2021-05-07T03:00:00+00:00,2023-12-31T23:00:00+00:00,False
staged_profit_taking,XRP,validate,2024-01-01,2024-12-31,8784,0.0,0.0,0,2024-01-01T00:00:00+00:00,2024-12-31T23:00:00+00:00,False
staged_profit_taking,XRP,forward,2025-01-01,2026-05-06,11770,0.0,0.0,0,2025-01-01T00:00:00+00:00,2026-05-06T09:00:00+00:00,False
staged_profit_taking,BNB,train,2020-01-01,2023-12-31,23246,0.0,0.0,0,2021-05-07T03:00:00+00:00,2023-12-31T23:00:00+00:00,False
staged_profit_taking,BNB,validate,2024-01-01,2024-12-31,8784,0.0,0.0,0,2024-01-01T00:00:00+00:00,2024-12-31T23:00:00+00:00,False
staged_profit_taking,BNB,forward,2025-01-01,2026-05-06,11770,0.0,0.0,0,2025-01-01T00:00:00+00:00,2026-05-06T09:00:00+00:00,False
staged_profit_taking,PAXG,train,2020-01-01,2023-12-31,23246,0.0,0.0,0,2021-05-07T03:00:00+00:00,2023-12-31T23:00:00+00:00,False
staged_profit_taking,PAXG,validate,2024-01-01,2024-12-31,8784,0.0,0.0,0,2024-01-01T00:00:00+00:00,2024-12-31T23:00:00+00:00,False
staged_profit_taking,PAXG,forward,2025-01-01,2026-05-06,11770,0.0,0.0,0,2025-01-01T00:00:00+00:00,2026-05-06T09:00:00+00:00,False
stop_loss,BTC,train,2020-01-01,2023-12-31,23246,0.0,0.0,0,2021-05-07T03:00:00+00:00,2023-12-31T23:00:00+00:00,False
stop_loss,BTC,validate,2024-01-01,2024-12-31,8784,0.0,0.0,0,2024-01-01T00:00:00+00:00,2024-12-31T23:00:00+00:00,False
stop_loss,BTC,forward,2025-01-01,2026-05-06,11770,0.0,0.0,0,2025-01-01T00:00:00+00:00,2026-05-06T09:00:00+00:00,False
stop_loss,ETH,train,2020-01-01,2023-12-31,23246,0.0,0.0,0,2021-05-07T03:00:00+00:00,2023-12-31T23:00:00+00:00,False
stop_loss,ETH,validate,2024-01-01,2024-12-31,8784,0.0,0.0,0,2024-01-01T00:00:00+00:00,2024-12-31T23:00:00+00:00,False
stop_loss,ETH,forward,2025-01-01,2026-05-06,11770,0.0,0.0,0,2025-01-01T00:00:00+00:00,2026-05-06T09:00:00+00:00,False
stop_loss,XRP,train,2020-01-01,2023-12-31,23246,0.0,0.0,0,2021-05-07T03:00:00+00:00,2023-12-31T23:00:00+00:00,False
stop_loss,XRP,validate,2024-01-01,2024-12-31,8784,0.0,0.0,0,2024-01-01T00:00:00+00:00,2024-12-31T23:00:00+00:00,False
stop_loss,XRP,forward,2025-01-01,2026-05-06,11770,0.0,0.0,0,2025-01-01T00:00:00+00:00,2026-05-06T09:00:00+00:00,False
stop_loss,BNB,train,2020-01-01,2023-12-31,23246,0.0,0.0,0,2021-05-07T03:00:00+00:00,2023-12-31T23:00:00+00:00,False
stop_loss,BNB,validate,2024-01-01,2024-12-31,8784,0.0,0.0,0,2024-01-01T00:00:00+00:00,2024-12-31T23:00:00+00:00,False
stop_loss,BNB,forward,2025-01-01,2026-05-06,11770,0.0,0.0,0,2025-01-01T00:00:00+00:00,2026-05-06T09:00:00+00:00,False
stop_loss,PAXG,train,2020-01-01,2023-12-31,23246,0.0,0.0,0,2021-05-07T03:00:00+00:00,2023-12-31T23:00:00+00:00,False
stop_loss,PAXG,validate,2024-01-01,2024-12-31,8784,0.0,0.0,0,2024-01-01T00:00:00+00:00,2024-12-31T23:00:00+00:00,False
stop_loss,PAXG,forward,2025-01-01,2026-05-06,11770,0.0,0.0,0,2025-01-01T00:00:00+00:00,2026-05-06T09:00:00+00:00,False
swing_bb_ma50,BTC,train,2020-01-01,2023-12-31,23246,-0.031,1.7977,3,2021-05-07T03:00:00+00:00,2023-12-31T23:00:00+00:00,False
swing_bb_ma50,BTC,validate,2024-01-01,2024-12-31,8784,0.0,0.0,0,2024-01-01T00:00:00+00:00,2024-12-31T23:00:00+00:00,False
swing_bb_ma50,BTC,forward,2025-01-01,2026-05-06,11770,0.0,0.0,0,2025-01-01T00:00:00+00:00,2026-05-06T09:00:00+00:00,False
swing_bb_ma50,ETH,train,2020-01-01,2023-12-31,23246,0.049,2.2443,3,2021-05-07T03:00:00+00:00,2023-12-31T23:00:00+00:00,False
swing_bb_ma50,ETH,validate,2024-01-01,2024-12-31,8784,0.0,0.0,0,2024-01-01T00:00:00+00:00,2024-12-31T23:00:00+00:00,False
swing_bb_ma50,ETH,forward,2025-01-01,2026-05-06,11770,0.0,0.0,0,2025-01-01T00:00:00+00:00,2026-05-06T09:00:00+00:00,False
swing_bb_ma50,XRP,train,2020-01-01,2023-12-31,23246,-1.481,1.481,2,2021-05-07T03:00:00+00:00,2023-12-31T23:00:00+00:00,False
swing_bb_ma50,XRP,validate,2024-01-01,2024-12-31,8784,0.0,0.0,0,2024-01-01T00:00:00+00:00,2024-12-31T23:00:00+00:00,False
swing_bb_ma50,XRP,forward,2025-01-01,2026-05-06,11770,0.0,0.0,0,2025-01-01T00:00:00+00:00,2026-05-06T09:00:00+00:00,False
swing_bb_ma50,BNB,train,2020-01-01,2023-12-31,23246,-1.664,1.6994,2,2021-05-07T03:00:00+00:00,2023-12-31T23:00:00+00:00,False
swing_bb_ma50,BNB,validate,2024-01-01,2024-12-31,8784,0.0,0.0,0,2024-01-01T00:00:00+00:00,2024-12-31T23:00:00+00:00,False
swing_bb_ma50,BNB,forward,2025-01-01,2026-05-06,11770,0.0,0.0,0,2025-01-01T00:00:00+00:00,2026-05-06T09:00:00+00:00,False
swing_bb_ma50,PAXG,train,2020-01-01,2023-12-31,23246,-0.719,0.9182,3,2021-05-07T03:00:00+00:00,2023-12-31T23:00:00+00:00,False
swing_bb_ma50,PAXG,validate,2024-01-01,2024-12-31,8784,0.0,0.0,0,2024-01-01T00:00:00+00:00,2024-12-31T23:00:00+00:00,False
swing_bb_ma50,PAXG,forward,2025-01-01,2026-05-06,11770,0.0,0.0,0,2025-01-01T00:00:00+00:00,2026-05-06T09:00:00+00:00,False
bb_rsi_reversion_codex,BTC,train,2020-01-01,2023-12-31,23246,-0.497,1.0324,3,2021-05-07T03:00:00+00:00,2023-12-31T23:00:00+00:00,False
bb_rsi_reversion_codex,BTC,validate,2024-01-01,2024-12-31,8784,0.0,0.0,0,2024-01-01T00:00:00+00:00,2024-12-31T23:00:00+00:00,False
bb_rsi_reversion_codex,BTC,forward,2025-01-01,2026-05-06,11770,0.0,0.0,0,2025-01-01T00:00:00+00:00,2026-05-06T09:00:00+00:00,False
bb_rsi_reversion_codex,ETH,train,2020-01-01,2023-12-31,23246,-0.026,1.2632,3,2021-05-07T03:00:00+00:00,2023-12-31T23:00:00+00:00,False
bb_rsi_reversion_codex,ETH,validate,2024-01-01,2024-12-31,8784,0.0,0.0,0,2024-01-01T00:00:00+00:00,2024-12-31T23:00:00+00:00,False
bb_rsi_reversion_codex,ETH,forward,2025-01-01,2026-05-06,11770,0.0,0.0,0,2025-01-01T00:00:00+00:00,2026-05-06T09:00:00+00:00,False
bb_rsi_reversion_codex,XRP,train,2020-01-01,2023-12-31,23246,-0.467,1.3704,3,2021-05-07T03:00:00+00:00,2023-12-31T23:00:00+00:00,False
bb_rsi_reversion_codex,XRP,validate,2024-01-01,2024-12-31,8784,0.0,0.0,0,2024-01-01T00:00:00+00:00,2024-12-31T23:00:00+00:00,False
bb_rsi_reversion_codex,XRP,forward,2025-01-01,2026-05-06,11770,0.0,0.0,0,2025-01-01T00:00:00+00:00,2026-05-06T09:00:00+00:00,False
bb_rsi_reversion_codex,BNB,train,2020-01-01,2023-12-31,23246,-0.192,0.991,3,2021-05-07T03:00:00+00:00,2023-12-31T23:00:00+00:00,False
bb_rsi_reversion_codex,BNB,validate,2024-01-01,2024-12-31,8784,0.0,0.0,0,2024-01-01T00:00:00+00:00,2024-12-31T23:00:00+00:00,False
bb_rsi_reversion_codex,BNB,forward,2025-01-01,2026-05-06,11770,0.0,0.0,0,2025-01-01T00:00:00+00:00,2026-05-06T09:00:00+00:00,False
bb_rsi_reversion_codex,PAXG,train,2020-01-01,2023-12-31,23246,-0.401,1.1905,3,2021-05-07T03:00:00+00:00,2023-12-31T23:00:00+00:00,False
bb_rsi_reversion_codex,PAXG,validate,2024-01-01,2024-12-31,8784,0.0,0.0,0,2024-01-01T00:00:00+00:00,2024-12-31T23:00:00+00:00,False
bb_rsi_reversion_codex,PAXG,forward,2025-01-01,2026-05-06,11770,0.0,0.0,0,2025-01-01T00:00:00+00:00,2026-05-06T09:00:00+00:00,False
breakout_guarded_codex,BTC,train,2020-01-01,2023-12-31,23246,-0.643,0.8235,2,2021-05-07T03:00:00+00:00,2023-12-31T23:00:00+00:00,False
breakout_guarded_codex,BTC,validate,2024-01-01,2024-12-31,8784,0.0,0.0,0,2024-01-01T00:00:00+00:00,2024-12-31T23:00:00+00:00,False
breakout_guarded_codex,BTC,forward,2025-01-01,2026-05-06,11770,0.0,0.0,0,2025-01-01T00:00:00+00:00,2026-05-06T09:00:00+00:00,False
breakout_guarded_codex,ETH,train,2020-01-01,2023-12-31,23246,-0.745,1.7647,2,2021-05-07T03:00:00+00:00,2023-12-31T23:00:00+00:00,False
breakout_guarded_codex,ETH,validate,2024-01-01,2024-12-31,8784,0.0,0.0,0,2024-01-01T00:00:00+00:00,2024-12-31T23:00:00+00:00,False
breakout_guarded_codex,ETH,forward,2025-01-01,2026-05-06,11770,0.0,0.0,0,2025-01-01T00:00:00+00:00,2026-05-06T09:00:00+00:00,False
breakout_guarded_codex,XRP,train,2020-01-01,2023-12-31,23246,-0.635,0.7462,2,2021-05-07T03:00:00+00:00,2023-12-31T23:00:00+00:00,False
breakout_guarded_codex,XRP,validate,2024-01-01,2024-12-31,8784,0.0,0.0,0,2024-01-01T00:00:00+00:00,2024-12-31T23:00:00+00:00,False
breakout_guarded_codex,XRP,forward,2025-01-01,2026-05-06,11770,0.0,0.0,0,2025-01-01T00:00:00+00:00,2026-05-06T09:00:00+00:00,False
breakout_guarded_codex,BNB,train,2020-01-01,2023-12-31,23246,-0.822,1.3851,2,2021-05-07T03:00:00+00:00,2023-12-31T23:00:00+00:00,False
breakout_guarded_codex,BNB,validate,2024-01-01,2024-12-31,8784,0.0,0.0,0,2024-01-01T00:00:00+00:00,2024-12-31T23:00:00+00:00,False
breakout_guarded_codex,BNB,forward,2025-01-01,2026-05-06,11770,0.0,0.0,0,2025-01-01T00:00:00+00:00,2026-05-06T09:00:00+00:00,False
breakout_guarded_codex,PAXG,train,2020-01-01,2023-12-31,23246,-0.812,1.6382,2,2021-05-07T03:00:00+00:00,2023-12-31T23:00:00+00:00,False
breakout_guarded_codex,PAXG,validate,2024-01-01,2024-12-31,8784,0.0,0.0,0,2024-01-01T00:00:00+00:00,2024-12-31T23:00:00+00:00,False
breakout_guarded_codex,PAXG,forward,2025-01-01,2026-05-06,11770,0.0,0.0,0,2025-01-01T00:00:00+00:00,2026-05-06T09:00:00+00:00,False
kd_trend_scaleout_codex,BTC,train,2020-01-01,2023-12-31,23246,-1.014,1.4064,2,2021-05-07T03:00:00+00:00,2023-12-31T23:00:00+00:00,False
kd_trend_scaleout_codex,BTC,validate,2024-01-01,2024-12-31,8784,0.0,0.0,0,2024-01-01T00:00:00+00:00,2024-12-31T23:00:00+00:00,False
kd_trend_scaleout_codex,BTC,forward,2025-01-01,2026-05-06,11770,0.0,0.0,0,2025-01-01T00:00:00+00:00,2026-05-06T09:00:00+00:00,False
kd_trend_scaleout_codex,ETH,train,2020-01-01,2023-12-31,23246,-0.942,1.695,2,2021-05-07T03:00:00+00:00,2023-12-31T23:00:00+00:00,False
kd_trend_scaleout_codex,ETH,validate,2024-01-01,2024-12-31,8784,0.0,0.0,0,2024-01-01T00:00:00+00:00,2024-12-31T23:00:00+00:00,False
kd_trend_scaleout_codex,ETH,forward,2025-01-01,2026-05-06,11770,0.0,0.0,0,2025-01-01T00:00:00+00:00,2026-05-06T09:00:00+00:00,False
kd_trend_scaleout_codex,XRP,train,2020-01-01,2023-12-31,23246,-0.861,1.68,2,2021-05-07T03:00:00+00:00,2023-12-31T23:00:00+00:00,False
kd_trend_scaleout_codex,XRP,validate,2024-01-01,2024-12-31,8784,0.0,0.0,0,2024-01-01T00:00:00+00:00,2024-12-31T23:00:00+00:00,False
kd_trend_scaleout_codex,XRP,forward,2025-01-01,2026-05-06,11770,0.0,0.0,0,2025-01-01T00:00:00+00:00,2026-05-06T09:00:00+00:00,False
kd_trend_scaleout_codex,BNB,train,2020-01-01,2023-12-31,23246,-0.814,1.434,2,2021-05-07T03:00:00+00:00,2023-12-31T23:00:00+00:00,False
kd_trend_scaleout_codex,BNB,validate,2024-01-01,2024-12-31,8784,0.0,0.0,0,2024-01-01T00:00:00+00:00,2024-12-31T23:00:00+00:00,False
kd_trend_scaleout_codex,BNB,forward,2025-01-01,2026-05-06,11770,0.0,0.0,0,2025-01-01T00:00:00+00:00,2026-05-06T09:00:00+00:00,False
kd_trend_scaleout_codex,PAXG,train,2020-01-01,2023-12-31,23246,-0.748,1.6089,2,2021-05-07T03:00:00+00:00,2023-12-31T23:00:00+00:00,False
kd_trend_scaleout_codex,PAXG,validate,2024-01-01,2024-12-31,8784,0.0,0.0,0,2024-01-01T00:00:00+00:00,2024-12-31T23:00:00+00:00,False
kd_trend_scaleout_codex,PAXG,forward,2025-01-01,2026-05-06,11770,0.0,0.0,0,2025-01-01T00:00:00+00:00,2026-05-06T09:00:00+00:00,False
ma200_rsi_reclaim_codex,BTC,train,2020-01-01,2023-12-31,23246,0.0,0.0,0,2021-05-07T03:00:00+00:00,2023-12-31T23:00:00+00:00,False
ma200_rsi_reclaim_codex,BTC,validate,2024-01-01,2024-12-31,8784,-1.13,1.2751,2,2024-01-01T00:00:00+00:00,2024-12-31T23:00:00+00:00,False
ma200_rsi_reclaim_codex,BTC,forward,2025-01-01,2026-05-06,11770,0.0,0.0,0,2025-01-01T00:00:00+00:00,2026-05-06T09:00:00+00:00,False
ma200_rsi_reclaim_codex,ETH,train,2020-01-01,2023-12-31,23246,0.0,0.0,0,2021-05-07T03:00:00+00:00,2023-12-31T23:00:00+00:00,False
ma200_rsi_reclaim_codex,ETH,validate,2024-01-01,2024-12-31,8784,0.0,0.0,0,2024-01-01T00:00:00+00:00,2024-12-31T23:00:00+00:00,False
ma200_rsi_reclaim_codex,ETH,forward,2025-01-01,2026-05-06,11770,0.0,0.0,0,2025-01-01T00:00:00+00:00,2026-05-06T09:00:00+00:00,False
ma200_rsi_reclaim_codex,XRP,train,2020-01-01,2023-12-31,23246,0.0,0.0,0,2021-05-07T03:00:00+00:00,2023-12-31T23:00:00+00:00,False
ma200_rsi_reclaim_codex,XRP,validate,2024-01-01,2024-12-31,8784,0.0,0.0,0,2024-01-01T00:00:00+00:00,2024-12-31T23:00:00+00:00,False
ma200_rsi_reclaim_codex,XRP,forward,2025-01-01,2026-05-06,11770,0.0,0.0,0,2025-01-01T00:00:00+00:00,2026-05-06T09:00:00+00:00,False
ma200_rsi_reclaim_codex,BNB,train,2020-01-01,2023-12-31,23246,0.0,0.0,0,2021-05-07T03:00:00+00:00,2023-12-31T23:00:00+00:00,False
ma200_rsi_reclaim_codex,BNB,validate,2024-01-01,2024-12-31,8784,0.0,0.0,0,2024-01-01T00:00:00+00:00,2024-12-31T23:00:00+00:00,False
ma200_rsi_reclaim_codex,BNB,forward,2025-01-01,2026-05-06,11770,0.0,0.0,0,2025-01-01T00:00:00+00:00,2026-05-06T09:00:00+00:00,False
ma200_rsi_reclaim_codex,PAXG,train,2020-01-01,2023-12-31,23246,0.0,0.0,0,2021-05-07T03:00:00+00:00,2023-12-31T23:00:00+00:00,False
ma200_rsi_reclaim_codex,PAXG,validate,2024-01-01,2024-12-31,8784,0.0,0.0,0,2024-01-01T00:00:00+00:00,2024-12-31T23:00:00+00:00,False
ma200_rsi_reclaim_codex,PAXG,forward,2025-01-01,2026-05-06,11770,2.632,1.1609,2,2025-01-01T00:00:00+00:00,2026-05-06T09:00:00+00:00,False
trend_floor_rebalance_codex,BTC,train,2020-01-01,2023-12-31,23246,-0.943,1.122,2,2021-05-07T03:00:00+00:00,2023-12-31T23:00:00+00:00,False
trend_floor_rebalance_codex,BTC,validate,2024-01-01,2024-12-31,8784,0.0,0.0,0,2024-01-01T00:00:00+00:00,2024-12-31T23:00:00+00:00,False
trend_floor_rebalance_codex,BTC,forward,2025-01-01,2026-05-06,11770,0.0,0.0,0,2025-01-01T00:00:00+00:00,2026-05-06T09:00:00+00:00,False
trend_floor_rebalance_codex,ETH,train,2020-01-01,2023-12-31,23246,-0.942,0.9816,2,2021-05-07T03:00:00+00:00,2023-12-31T23:00:00+00:00,False
trend_floor_rebalance_codex,ETH,validate,2024-01-01,2024-12-31,8784,0.0,0.0,0,2024-01-01T00:00:00+00:00,2024-12-31T23:00:00+00:00,False
trend_floor_rebalance_codex,ETH,forward,2025-01-01,2026-05-06,11770,0.0,0.0,0,2025-01-01T00:00:00+00:00,2026-05-06T09:00:00+00:00,False
trend_floor_rebalance_codex,XRP,train,2020-01-01,2023-12-31,23246,-1.118,1.118,2,2021-05-07T03:00:00+00:00,2023-12-31T23:00:00+00:00,False
trend_floor_rebalance_codex,XRP,validate,2024-01-01,2024-12-31,8784,0.0,0.0,0,2024-01-01T00:00:00+00:00,2024-12-31T23:00:00+00:00,False
trend_floor_rebalance_codex,XRP,forward,2025-01-01,2026-05-06,11770,0.0,0.0,0,2025-01-01T00:00:00+00:00,2026-05-06T09:00:00+00:00,False
trend_floor_rebalance_codex,BNB,train,2020-01-01,2023-12-31,23246,-0.286,1.5802,3,2021-05-07T03:00:00+00:00,2023-12-31T23:00:00+00:00,False
trend_floor_rebalance_codex,BNB,validate,2024-01-01,2024-12-31,8784,0.0,0.0,0,2024-01-01T00:00:00+00:00,2024-12-31T23:00:00+00:00,False
trend_floor_rebalance_codex,BNB,forward,2025-01-01,2026-05-06,11770,0.0,0.0,0,2025-01-01T00:00:00+00:00,2026-05-06T09:00:00+00:00,False
trend_floor_rebalance_codex,PAXG,train,2020-01-01,2023-12-31,23246,-0.943,1.255,2,2021-05-07T03:00:00+00:00,2023-12-31T23:00:00+00:00,False
trend_floor_rebalance_codex,PAXG,validate,2024-01-01,2024-12-31,8784,0.0,0.0,0,2024-01-01T00:00:00+00:00,2024-12-31T23:00:00+00:00,False
trend_floor_rebalance_codex,PAXG,forward,2025-01-01,2026-05-06,11770,0.0,0.0,0,2025-01-01T00:00:00+00:00,2026-05-06T09:00:00+00:00,False
adaptive_profit_ladder_claude,BTC,train,2020-01-01,2023-12-31,23246,-2.524,2.738,2,2021-05-07T03:00:00+00:00,2023-12-31T23:00:00+00:00,False
adaptive_profit_ladder_claude,BTC,validate,2024-01-01,2024-12-31,8784,0.0,0.0,0,2024-01-01T00:00:00+00:00,2024-12-31T23:00:00+00:00,False
adaptive_profit_ladder_claude,BTC,forward,2025-01-01,2026-05-06,11770,0.0,0.0,0,2025-01-01T00:00:00+00:00,2026-05-06T09:00:00+00:00,False
adaptive_profit_ladder_claude,ETH,train,2020-01-01,2023-12-31,23246,-3.398,5.0865,2,2021-05-07T03:00:00+00:00,2023-12-31T23:00:00+00:00,False
adaptive_profit_ladder_claude,ETH,validate,2024-01-01,2024-12-31,8784,0.0,0.0,0,2024-01-01T00:00:00+00:00,2024-12-31T23:00:00+00:00,False
adaptive_profit_ladder_claude,ETH,forward,2025-01-01,2026-05-06,11770,0.0,0.0,0,2025-01-01T00:00:00+00:00,2026-05-06T09:00:00+00:00,False
adaptive_profit_ladder_claude,XRP,train,2020-01-01,2023-12-31,23246,-2.489,5.048,3,2021-05-07T03:00:00+00:00,2023-12-31T23:00:00+00:00,False
adaptive_profit_ladder_claude,XRP,validate,2024-01-01,2024-12-31,8784,0.0,0.0,0,2024-01-01T00:00:00+00:00,2024-12-31T23:00:00+00:00,False
adaptive_profit_ladder_claude,XRP,forward,2025-01-01,2026-05-06,11770,0.0,0.0,0,2025-01-01T00:00:00+00:00,2026-05-06T09:00:00+00:00,False
adaptive_profit_ladder_claude,BNB,train,2020-01-01,2023-12-31,23246,-1.289,3.7886,3,2021-05-07T03:00:00+00:00,2023-12-31T23:00:00+00:00,False
adaptive_profit_ladder_claude,BNB,validate,2024-01-01,2024-12-31,8784,0.0,0.0,0,2024-01-01T00:00:00+00:00,2024-12-31T23:00:00+00:00,False
adaptive_profit_ladder_claude,BNB,forward,2025-01-01,2026-05-06,11770,0.0,0.0,0,2025-01-01T00:00:00+00:00,2026-05-06T09:00:00+00:00,False
adaptive_profit_ladder_claude,PAXG,train,2020-01-01,2023-12-31,23246,-1.143,4.58,3,2021-05-07T03:00:00+00:00,2023-12-31T23:00:00+00:00,False
adaptive_profit_ladder_claude,PAXG,validate,2024-01-01,2024-12-31,8784,0.0,0.0,0,2024-01-01T00:00:00+00:00,2024-12-31T23:00:00+00:00,False
adaptive_profit_ladder_claude,PAXG,forward,2025-01-01,2026-05-06,11770,0.0,0.0,0,2025-01-01T00:00:00+00:00,2026-05-06T09:00:00+00:00,False
bb_breakout_momentum_claude,BTC,train,2020-01-01,2023-12-31,23246,-1.583,1.7667,2,2021-05-07T03:00:00+00:00,2023-12-31T23:00:00+00:00,False
bb_breakout_momentum_claude,BTC,validate,2024-01-01,2024-12-31,8784,0.0,0.0,0,2024-01-01T00:00:00+00:00,2024-12-31T23:00:00+00:00,False
bb_breakout_momentum_claude,BTC,forward,2025-01-01,2026-05-06,11770,0.0,0.0,0,2025-01-01T00:00:00+00:00,2026-05-06T09:00:00+00:00,False
bb_breakout_momentum_claude,ETH,train,2020-01-01,2023-12-31,23246,-2.074,3.7005,2,2021-05-07T03:00:00+00:00,2023-12-31T23:00:00+00:00,False
bb_breakout_momentum_claude,ETH,validate,2024-01-01,2024-12-31,8784,0.0,0.0,0,2024-01-01T00:00:00+00:00,2024-12-31T23:00:00+00:00,False
bb_breakout_momentum_claude,ETH,forward,2025-01-01,2026-05-06,11770,0.0,0.0,0,2025-01-01T00:00:00+00:00,2026-05-06T09:00:00+00:00,False
bb_breakout_momentum_claude,XRP,train,2020-01-01,2023-12-31,23246,-1.59,1.8638,2,2021-05-07T03:00:00+00:00,2023-12-31T23:00:00+00:00,False
bb_breakout_momentum_claude,XRP,validate,2024-01-01,2024-12-31,8784,0.0,0.0,0,2024-01-01T00:00:00+00:00,2024-12-31T23:00:00+00:00,False
bb_breakout_momentum_claude,XRP,forward,2025-01-01,2026-05-06,11770,0.0,0.0,0,2025-01-01T00:00:00+00:00,2026-05-06T09:00:00+00:00,False
bb_breakout_momentum_claude,BNB,train,2020-01-01,2023-12-31,23246,-2.604,3.3712,2,2021-05-07T03:00:00+00:00,2023-12-31T23:00:00+00:00,False
bb_breakout_momentum_claude,BNB,validate,2024-01-01,2024-12-31,8784,0.0,0.0,0,2024-01-01T00:00:00+00:00,2024-12-31T23:00:00+00:00,False
bb_breakout_momentum_claude,BNB,forward,2025-01-01,2026-05-06,11770,0.0,0.0,0,2025-01-01T00:00:00+00:00,2026-05-06T09:00:00+00:00,False
bb_breakout_momentum_claude,PAXG,train,2020-01-01,2023-12-31,23246,-1.905,4.0626,2,2021-05-07T03:00:00+00:00,2023-12-31T23:00:00+00:00,False
bb_breakout_momentum_claude,PAXG,validate,2024-01-01,2024-12-31,8784,0.0,0.0,0,2024-01-01T00:00:00+00:00,2024-12-31T23:00:00+00:00,False
bb_breakout_momentum_claude,PAXG,forward,2025-01-01,2026-05-06,11770,0.0,0.0,0,2025-01-01T00:00:00+00:00,2026-05-06T09:00:00+00:00,False
golden_cross_dual_ma_claude,BTC,train,2020-01-01,2023-12-31,23246,-1.025,2.6364,2,2021-05-07T03:00:00+00:00,2023-12-31T23:00:00+00:00,False
golden_cross_dual_ma_claude,BTC,validate,2024-01-01,2024-12-31,8784,0.0,0.0,0,2024-01-01T00:00:00+00:00,2024-12-31T23:00:00+00:00,False
golden_cross_dual_ma_claude,BTC,forward,2025-01-01,2026-05-06,11770,0.0,0.0,0,2025-01-01T00:00:00+00:00,2026-05-06T09:00:00+00:00,False
golden_cross_dual_ma_claude,ETH,train,2020-01-01,2023-12-31,23246,-0.457,0.457,2,2021-05-07T03:00:00+00:00,2023-12-31T23:00:00+00:00,False
golden_cross_dual_ma_claude,ETH,validate,2024-01-01,2024-12-31,8784,0.0,0.0,0,2024-01-01T00:00:00+00:00,2024-12-31T23:00:00+00:00,False
golden_cross_dual_ma_claude,ETH,forward,2025-01-01,2026-05-06,11770,0.0,0.0,0,2025-01-01T00:00:00+00:00,2026-05-06T09:00:00+00:00,False
golden_cross_dual_ma_claude,XRP,train,2020-01-01,2023-12-31,23246,-2.618,5.8847,2,2021-05-07T03:00:00+00:00,2023-12-31T23:00:00+00:00,False
golden_cross_dual_ma_claude,XRP,validate,2024-01-01,2024-12-31,8784,0.0,0.0,0,2024-01-01T00:00:00+00:00,2024-12-31T23:00:00+00:00,False
golden_cross_dual_ma_claude,XRP,forward,2025-01-01,2026-05-06,11770,0.0,0.0,0,2025-01-01T00:00:00+00:00,2026-05-06T09:00:00+00:00,False
golden_cross_dual_ma_claude,BNB,train,2020-01-01,2023-12-31,23246,-2.367,4.8578,2,2021-05-07T03:00:00+00:00,2023-12-31T23:00:00+00:00,False
golden_cross_dual_ma_claude,BNB,validate,2024-01-01,2024-12-31,8784,0.0,0.0,0,2024-01-01T00:00:00+00:00,2024-12-31T23:00:00+00:00,False
golden_cross_dual_ma_claude,BNB,forward,2025-01-01,2026-05-06,11770,0.0,0.0,0,2025-01-01T00:00:00+00:00,2026-05-06T09:00:00+00:00,False
golden_cross_dual_ma_claude,PAXG,train,2020-01-01,2023-12-31,23246,0.293,3.2351,2,2021-05-07T03:00:00+00:00,2023-12-31T23:00:00+00:00,False
golden_cross_dual_ma_claude,PAXG,validate,2024-01-01,2024-12-31,8784,0.0,0.0,0,2024-01-01T00:00:00+00:00,2024-12-31T23:00:00+00:00,False
golden_cross_dual_ma_claude,PAXG,forward,2025-01-01,2026-05-06,11770,0.0,0.0,0,2025-01-01T00:00:00+00:00,2026-05-06T09:00:00+00:00,False
trend_pyramid_claude,BTC,train,2020-01-01,2023-12-31,23246,-0.453,0.453,3,2021-05-07T03:00:00+00:00,2023-12-31T23:00:00+00:00,False
trend_pyramid_claude,BTC,validate,2024-01-01,2024-12-31,8784,0.0,0.0,0,2024-01-01T00:00:00+00:00,2024-12-31T23:00:00+00:00,False
trend_pyramid_claude,BTC,forward,2025-01-01,2026-05-06,11770,0.0,0.0,0,2025-01-01T00:00:00+00:00,2026-05-06T09:00:00+00:00,False
trend_pyramid_claude,ETH,train,2020-01-01,2023-12-31,23246,0.679,3.1542,3,2021-05-07T03:00:00+00:00,2023-12-31T23:00:00+00:00,False
trend_pyramid_claude,ETH,validate,2024-01-01,2024-12-31,8784,0.0,0.0,0,2024-01-01T00:00:00+00:00,2024-12-31T23:00:00+00:00,False
trend_pyramid_claude,ETH,forward,2025-01-01,2026-05-06,11770,0.0,0.0,0,2025-01-01T00:00:00+00:00,2026-05-06T09:00:00+00:00,False
trend_pyramid_claude,XRP,train,2020-01-01,2023-12-31,23246,-0.808,1.1392,2,2021-05-07T03:00:00+00:00,2023-12-31T23:00:00+00:00,False
trend_pyramid_claude,XRP,validate,2024-01-01,2024-12-31,8784,0.0,0.0,0,2024-01-01T00:00:00+00:00,2024-12-31T23:00:00+00:00,False
trend_pyramid_claude,XRP,forward,2025-01-01,2026-05-06,11770,0.0,0.0,0,2025-01-01T00:00:00+00:00,2026-05-06T09:00:00+00:00,False
trend_pyramid_claude,BNB,train,2020-01-01,2023-12-31,23246,0.059,1.8491,3,2021-05-07T03:00:00+00:00,2023-12-31T23:00:00+00:00,False
trend_pyramid_claude,BNB,validate,2024-01-01,2024-12-31,8784,0.0,0.0,0,2024-01-01T00:00:00+00:00,2024-12-31T23:00:00+00:00,False
trend_pyramid_claude,BNB,forward,2025-01-01,2026-05-06,11770,0.0,0.0,0,2025-01-01T00:00:00+00:00,2026-05-06T09:00:00+00:00,False
trend_pyramid_claude,PAXG,train,2020-01-01,2023-12-31,23246,-0.146,0.146,2,2021-05-07T03:00:00+00:00,2023-12-31T23:00:00+00:00,False
trend_pyramid_claude,PAXG,validate,2024-01-01,2024-12-31,8784,0.0,0.0,0,2024-01-01T00:00:00+00:00,2024-12-31T23:00:00+00:00,False
trend_pyramid_claude,PAXG,forward,2025-01-01,2026-05-06,11770,0.0,0.0,0,2025-01-01T00:00:00+00:00,2026-05-06T09:00:00+00:00,False
triple_confirmation_dip_claude,BTC,train,2020-01-01,2023-12-31,23246,2.629,11.1822,3,2021-05-07T03:00:00+00:00,2023-12-31T23:00:00+00:00,False
triple_confirmation_dip_claude,BTC,validate,2024-01-01,2024-12-31,8784,0.0,0.0,0,2024-01-01T00:00:00+00:00,2024-12-31T23:00:00+00:00,False
triple_confirmation_dip_claude,BTC,forward,2025-01-01,2026-05-06,11770,0.0,0.0,0,2025-01-01T00:00:00+00:00,2026-05-06T09:00:00+00:00,False
triple_confirmation_dip_claude,ETH,train,2020-01-01,2023-12-31,23246,-3.839,3.839,2,2021-05-07T03:00:00+00:00,2023-12-31T23:00:00+00:00,False
triple_confirmation_dip_claude,ETH,validate,2024-01-01,2024-12-31,8784,0.0,0.0,0,2024-01-01T00:00:00+00:00,2024-12-31T23:00:00+00:00,False
triple_confirmation_dip_claude,ETH,forward,2025-01-01,2026-05-06,11770,0.0,0.0,0,2025-01-01T00:00:00+00:00,2026-05-06T09:00:00+00:00,False
triple_confirmation_dip_claude,XRP,train,2020-01-01,2023-12-31,23246,2.7,14.3188,3,2021-05-07T03:00:00+00:00,2023-12-31T23:00:00+00:00,False
triple_confirmation_dip_claude,XRP,validate,2024-01-01,2024-12-31,8784,0.0,0.0,0,2024-01-01T00:00:00+00:00,2024-12-31T23:00:00+00:00,False
triple_confirmation_dip_claude,XRP,forward,2025-01-01,2026-05-06,11770,0.0,0.0,0,2025-01-01T00:00:00+00:00,2026-05-06T09:00:00+00:00,False
triple_confirmation_dip_claude,BNB,train,2020-01-01,2023-12-31,23246,-4.592,9.2286,2,2021-05-07T03:00:00+00:00,2023-12-31T23:00:00+00:00,False
triple_confirmation_dip_claude,BNB,validate,2024-01-01,2024-12-31,8784,0.0,0.0,0,2024-01-01T00:00:00+00:00,2024-12-31T23:00:00+00:00,False
triple_confirmation_dip_claude,BNB,forward,2025-01-01,2026-05-06,11770,0.0,0.0,0,2025-01-01T00:00:00+00:00,2026-05-06T09:00:00+00:00,False
triple_confirmation_dip_claude,PAXG,train,2020-01-01,2023-12-31,23246,-3.813,9.7124,2,2021-05-07T03:00:00+00:00,2023-12-31T23:00:00+00:00,False
triple_confirmation_dip_claude,PAXG,validate,2024-01-01,2024-12-31,8784,0.0,0.0,0,2024-01-01T00:00:00+00:00,2024-12-31T23:00:00+00:00,False
triple_confirmation_dip_claude,PAXG,forward,2025-01-01,2026-05-06,11770,0.0,0.0,0,2025-01-01T00:00:00+00:00,2026-05-06T09:00:00+00:00,False
